{
  "weighted_f1": 0.9058240713966879,
  "precision": 0.9057485875415927,
  "recall": 0.9084507042253521,
  "confusion_matrix": [
    [
      83,
      1,
      0
    ],
    [
      6,
      37,
      2
    ],
    [
      0,
      4,
      9
    ]
  ]
}