{
  "accuracy": 0.97265625,
  "weighted_f1": 0.9725751661211121,
  "weighted_precision": 0.9729718199101007,
  "weighted_recall": 0.97265625,
  "confusion_matrix": [
    [
      158,
      0,
      4,
      10
    ],
    [
      0,
      14,
      0,
      1
    ],
    [
      1,
      0,
      623,
      10
    ],
    [
      1,
      0,
      8,
      450
    ]
  ]
}